Company,0
RDN,4.66138451547786
PEIX,4.66138451547786
QTM,4.66138451547786
MELA,4.66138451547786
BBX,4.66138451547786
YRCW,4.66138451547786
GSS,4.66138451547786
USU,4.66138451547786
LYG,4.66138451547786
CLWR,4.66138451547786
LLNW,4.66138451547786
UMC,4.66138451547786
COCO,4.66138451547786
THQI,4.66138451547786
OREX,4.66138451547786
HOV,4.66138451547786
MGN,4.66138451547786
SONS,4.66138451547786
CTIC,4.66138451547786
HW,4.66138451547786
