Company,0
PEIX,4.981542
CWTR,4.977843
SAPX,4.976666
LCAV,4.96932
JASO,4.905439
SMSI,4.90543
ADLR,4.899496
MGN,4.874901
RDN,4.865031
SOL,4.829269
GTIV,4.819918
REDF,4.813569
CEDC,4.813143
BZH,4.811059
YGE,4.807074
STP,4.80298
JRCC,4.800348
PCRX,4.799526
