Company,0
MC,4.9275225510358736
MOT,4.857085284492482
GX,4.848469863794148
PCS,4.812915820036509
XOXO,4.81073791633757
DT,4.805804563805058
HSII,4.787952571119807
BHE,4.7865966644863605
BVSN,4.786553077017316
CDT,4.786088832438348
WLSN,4.785756590112892
PRM,4.784889137285765
PMRY,4.783535859689654
LOR,4.782819135464026
DIGL,4.781997598538351
TNL,4.781253585295531
AVT,4.780692338793938
OI,4.780674607582729
MCLD,4.77947699792654
CLE,4.779283958168021
