Company,0
LVLT,5.195691081861971
JDO,4.889094203558795
ALTI,4.87476123868737
SGTL,4.872846753365259
NBIX,4.872627059986979
WYY,4.8720409002106315
Q,4.871737372373902
ERS,4.867259946383152
NT,4.860482493944658
ALLI,4.852779823947887
KEM,4.848726895948073
BQI,4.845195506750702
ENMD,4.84180327917238
EMKR,4.84126837888086
SWIR,4.840423379514095
JRCC,4.83943543839809
TMY,4.838694842331109
AVCI,4.836828763766866
THLD,4.8359367101373
COSI,4.8347277008677025
