Company,0
LVLT,4.9794748364048145
WYY,4.966169760469175
WPSC,4.962648791329795
ALTH,4.937265670100747
BQI,4.930825805673123
FTWR,4.9126304589861975
AVCI,4.904853660236562
DXPE,4.893534327974423
LMRA,4.891301094153997
CHDX,4.882260904225834
PEIX,4.88225736741268
BCRX,4.876069855936917
CTLM,4.873088209840747
ANGN,4.872900480282274
ATML,4.869757699321027
SCT,4.867746472162113
HEPH,4.861428369385778
SUNW,4.860452345143457
NMSS,4.859985995705963
ALTI,4.859322663795902
