Company,0
LVLT,5.258854503882774
Q,5.057054769376914
ALTI,4.936426729348343
NUVO,4.931437460319922
AVCI,4.902533458835744
AZPN,4.899442385941938
ASYT,4.893710408284866
BQI,4.893056067459042
CCOI,4.892921299610671
AKS,4.888766091464314
NBIX,4.887827283541081
BWNG,4.886644901911777
STXN,4.884464815844115
SIGM,4.879136353643507
KEM,4.876206509416421
ERS,4.873534165489027
CACS,4.871446667943788
SFE,4.86816446164064
MTRX,4.865101925234013
SGTL,4.8623172902309975
