Company,0
LVLT,5.323421893668222
Q,5.136672569425198
PGWC,4.9942501771377135
SPPI,4.978065714525675
XOMA,4.927596371491852
ANGN,4.90472013832725
ZHNE,4.903011596479118
ATHR,4.903009543133109
CHDX,4.902589252892665
BQI,4.898611153154179
FTWR,4.891840976908712
TQNT,4.89035541916949
SIM,4.88976698166379
MTRX,4.888172529804912
ANOR,4.8861532189244885
BWNG,4.8832544343861946
ALTI,4.8778130572001235
STXN,4.876391728668251
CTRN,4.872575745726737
NBIX,4.8710018954921255
