Company,result
cpth,5.169456314048993
prsf,5.029150228093839
rbak,5.015739858032775
akam,5.014382160825687
cmrc,5.0119992819267765
vitr,5.005821623527053
digx,5.001145881370985
siri,4.998928895675777
ecil,4.99364073092061
avnx,4.98651409165692
infa,4.975489552421963
simg,4.975021658557978
palm,4.974319680559278
muse,4.971353065040982
txcc,4.969418623276082
epny,4.968688183165385
ax,4.955772180490582
scmr,4.952351997072424
agil,4.950900881023021
lor,4.950512522072704
