Company,result
cck,5.269558088787392
ene,5.071853870198097
artg,5.015583064748118
cpth,4.993196851319043
ha,4.988928786350367
avnx,4.960068295323469
xmsr,4.958250240903676
epny,4.95824114299736
siri,4.956746215928827
pcln,4.947997466752711
cmrc,4.946546376791778
infa,4.945461895172325
avci,4.939155623729321
mtnt,4.934564704061917
txcc,4.933772957980575
ucoma,4.9310119228678495
digl,4.93100151515908
inkt,4.930669561085585
sbyn,4.929692914131666
jnic,4.919647448996812
