Company,result
RBAK,5.537241003651556
ARTG,5.492767243688437
ARBA,5.24782593330456
BVSN,5.20910473472007
MSTR,5.159804435912852
JNPR,5.1420218052559195
KANA,5.125938286909189
AVNX,5.11513366948731
EXTR,5.102014106245351
ICGE,5.091809717827787
CORV,5.089985394597757
AMCC,5.086676888832943
PALM,5.077162758495515
INKT,5.071339864111166
SBYN,5.065528211912792
AVNT,5.063046254903407
AVCI,5.041836338346122
CIEN,5.029592373401408
ADSX,5.015816201735219
SABA,5.007159051122378
