Company,result
FTWR,4.893776505739168
IIG,4.885398616461834
GROW,4.871962833817409
WYY,4.869860321990156
CHDX,4.866970210670938
AXR,4.863853605261551
CMOS,4.86267627724919
ECMV,4.85788717513423
DXPE,4.8536845818826215
SEB,4.841726061285187
CUP,4.8394495596451685
GMKT,4.838090061269797
AVNX,4.8364943579742645
MDV,4.833888089675794
ZVXI,4.833814527799895
ORCT,4.833230155970792
CTRX,4.831723997078308
XNL,4.831023913850391
CAMD,4.829603833128139
VVUS,4.8288876465310295
