Company,0
LVLT,5.020455991658276
PGWC,4.941038998694181
LU,4.871923574453824
NBIX,4.861994906133462
AVNX,4.855321727879859
VSGN,4.855306690076344
VSTH,4.852356661955904
JRCC,4.84858335669444
AATI,4.835068532774565
SIRI,4.830375971688535
SWIR,4.829778412863929
IFON,4.829047963212477
FOXH,4.826971082789978
CNXT,4.8269418780780295
SWC,4.8267594658039625
ERS,4.826599550514397
UTEK,4.82652163887431
TVIA,4.82539027546112
SCT,4.8252944559873665
ZHNE,4.825094677317736
