Company,result
AMPX,5.003849543443591
GAX,4.9960387608442085
GOAM,4.95421007895228
GROW,4.92319137853373
WYY,4.901219125419737
GBN,4.892934447107402
YBTVA,4.892486489865082
GCGC,4.884724087566413
EVST,4.884709037071775
VSGN,4.877443598335837
WLV,4.8767306645531425
SEB,4.872587306776973
INVX,4.870218042342732
AXR,4.8687128789373135
ARCI,4.866070398804964
XNL,4.865716101485146
FTWR,4.86535680762052
LGBT,4.860080610480214
HOKU,4.858440930493794
SIR,4.856966089646373
