Company,result
LVLT,7.024018754933213
LNG,5.298566548633797
MGI,5.008961438885269
RTK,4.9344032358160845
INHX,4.905958027507805
TA,4.899972576906802
ZLC,4.896451657989362
BZH,4.88735698814591
OCZ,4.885873666444442
DNN,4.882867608853375
VHC,4.872944090108851
NNBR,4.872301343949564
ARIA,4.872234404029058
LCAV,4.868806290338891
NG,4.86224419608282
CVGI,4.862065566317129
ISTA,4.860752936427517
FTK,4.860672119985356
XUE,4.859754646150039
VIT,4.857832583361224
