Company,0
GTIV,4.7536935126268585
FRO,4.751186536737708
CEDC,4.747886042434267
IL,4.747664937410957
JASO,4.743021575718819
TRGT,4.742918059862267
OCLR,4.742221648819519
MTG,4.740803446403958
AMED,4.739552154961828
LLNW,4.739256675372999
AMSC,4.738930652784887
EK,4.737779233722122
DYN,4.7376188390409695
ANAD,4.735757366971814
VIT,4.735673690939577
TQNT,4.734870956945915
FCH,4.734848601455374
DVR,4.734454891425652
PEIX,4.73372875318261
RMBS,4.733656546562492
